﻿designator,quantity,value,pack,mpn,mount_type
"C1, C2",2,27p,C_0603_1608Metric,,smt
"C10, C100, C101, C102, C103, C108, C109, C11, C110, C115, C116, C117, C118, C119, C12, C124, C125, C126, C127, C128, C129, C13, C130, C131, C138, C139, C14, C140, C141, C142, C143, C144, C145, C146, C148, C149, C150, C151, C152, C153, C154, C155, C156, C157, C158, C159, C160, C161, C162, C163, C164, C165, C166, C167, C168, C169, C170, C171, C172, C173, C174, C175, C176, C177, C178, C179, C180, C181, C182, C183, C184, C185, C186, C187, C188, C189, C24, C25, C26, C3, C31, C32, C33, C34, C35, C40, C41, C42, C43, C44, C45, C46, C47, C5, C52, C53, C54, C59, C6, C60, C61, C62, C63, C68, C69, C70, C71, C72, C73, C74, C75, C8, C80, C81, C82, C87, C88, C89, C9, C90, C91, C96, C97, C98, C99",125,0.1u,C_0603_1608Metric,,smt
"C104, C105, C106, C107, C132, C133, C134, C135, C4, C48, C49, C50, C51, C7, C76, C77, C78, C79",18,1u,C_0603_1608Metric,,smt
"C111, C112, C113, C114, C120, C121, C122, C123, C27, C28, C29, C30, C36, C37, C38, C39, C55, C56, C57, C58, C64, C65, C66, C67, C83, C84, C85, C86, C92, C93, C94, C95",32,1.5p,C_0603_1608Metric,,smt
"C136, C137",2,1n,C_0603_1608Metric,,smt
C147,1,10p,C_0603_1608Metric,,smt
C15,1,470u,C_0603_1608Metric,,smt
"C16, C17, C19, C20, C21, C22, C23",7,10u,C_0603_1608Metric,,smt
C18,1,2.2u,C_0603_1608Metric,,smt
D1,1,PMEG3020CEP,D_0603_1608Metric,,smt
F1,1,F0603E1R25FSTR,Fuse_0603_1608Metric,,smt
J1,1,SWD_JP,PinSocket_1x02_P1.00mm_Vertical,,tht
J2,1,629105150521,USB_Micro-B_Wuerth_629105150521,,smt
J3,1,Conn_02x16,PinHeader_2x16_P2.54mm_Vertical,,tht
J4,1,Barrel_Jack,BarrelJack_GCT_DCJ200-10-A_Horizontal,,tht
J5,1,CLK4_DIAG,PinHeader_1x02_P2.54mm_Vertical,,tht
L1,1,18u,L_0603_1608Metric,,smt
PS1,1,IA0515D,Converter_DCDC_XP_POWER-IAxxxxD_THT,,tht
"R1, R2",2,27.4,R_0603_1608Metric,,smt
"R10, R11, R12, R13, R14, R15, R16, R17, R18, R19, R20, R21, R31, R32, R33, R34, R35, R36, R37, R38, R39, R40, R41, R42, R43, R44, R45, R46, R56, R57, R58, R59, R6, R60, R61, R62, R63, R64, R65, R66, R67, R68, R69, R7, R70, R71, R8, R81, R82, R83, R84, R85, R86, R87, R88, R89, R9, R90, R91, R92, R93, R94, R95, R96",64,499,R_0603_1608Metric,,smt
"R100, R101, R113, R114, R115, R23, R24, R25, R26, R3, R4, R48, R49, R50, R51, R73, R74, R75, R76, R98, R99",21,1k,R_0603_1608Metric,,smt
"R102, R103, R104, R105, R27, R28, R29, R30, R52, R53, R54, R55, R77, R78, R79, R80",16,49.9,R_0603_1608Metric,,smt
"R106, R107, R109",3,1M,R_0603_1608Metric,,smt
R110,1,10k,R_0603_1608Metric,,smt
R111,1,100k,R_0603_1608Metric,,smt
"R116, R117",2,500,R_0603_1608Metric,,smt
"R119, R120, R121, R122, R126, R127",6,240,R_0603_1608Metric,,smt
"R123, R124, R125, R129, R131",5,100,R_0603_1608Metric,,smt
R128,1,4.12k,R_0603_1608Metric,,smt
R130,1,50,R_0603_1608Metric,,smt
"R22, R47, R72, R97",4,8.06K,R_0603_1608Metric,,smt
R5,1,4.7k,R_0603_1608Metric,,smt
"RV1, RV2",2,M64W202KB40,POT_2023-08-01_VIS,,tht
RV3,1,M64W103KB40,POT_2023-08-01_VIS,,tht
SW1,1,BOOT_SEL,SW_Push_SPST_NO_Alps_SKRK,,smt
SW2,1,SW_Push,SW_Push_SPST_NO_Alps_SKRK,,smt
SW3,1,ANT11SF1CQE,ANT11SF1CQE,,tht
SW4,1,SW_SPDT_321,SW_E-Switch_EG1271_SPDT,,tht
U1,1,RP2040,QFN-56-1EP_7x7mm_P0.4mm_EP3.2x3.2mm,,smt
"U10, U11, U13, U14, U16, U17, U7, U8",8,ADA4817-2ACPZ-R7,CP_16_4_ADI,,smt
"U12, U15, U6, U9",4,AD9106BCP,LFCSP-32-1EP_5x5mm_P0.5mm_EP3.6x3.6mm,,smt
U18,1,AD7680ARJZ-REEL7,RJ_6_ADI,,smt
"U19, U20, U23",3,TL071,TSSOP-8_3x3mm_P0.65mm,,smt
U2,1,W25Q128JVS,SOIC-8_5.23x5.23mm_P1.27mm,,smt
U21,1,INA849DR,D0008A-IPC_A,,smt
U22,1,AD630ARZ,SOIC-20W_7.5x12.8mm_P1.27mm,,smt
U24,1,OPA4228UA,D14,,smt
U25,1,AD9512BCPZ,CP_48_1_ADI,,smt
"U26, U27",2,SN74HC595,SOIC-16W_5.3x10.2mm_P1.27mm,,smt
"U28, U29, U30, U31",4,ADG1406BRUZ-REEL7,RU_28_ADI,,smt
"U3, U4",2,NCP1117-3.3_SOT223,SOT-223-3_TabPin2,,smt
U5,1,NCP1117-5.0_SOT223,SOT-223-3_TabPin2,,smt
Y1,1,ABLS-12.000MHZ-B4-T,Crystal_SMD_HC49-SD,,smt
